id_state,state_w,year,precipitation,average_temperature,minimum_temperature,maximum_temperature
1,AGUASCALIENTES,2000,417.6844444444445,17.714282930447077,8.496315429140443,26.932250431753697
2,BAJA CALIFORNIA,2000,95.78388808192946,18.810070592614696,10.68702426701882,26.93311691821057
3,BAJA CALIFORNIA SUR,2000,105.27252640703041,22.146658493693987,13.695902107567004,30.597414879820967
4,CAMPECHE,2000,1406.3747500164616,25.87960386980871,19.092887338348074,32.66632040126934
5,CHIAPAS,2000,2170.1518464249616,23.53490672884777,17.040602875398033,30.029210582297527
6,CHIHUAHUA,2000,306.5819397797381,17.318546873740342,8.379894372029101,26.257199375451577
7,CIUDAD DE MÉXICO,2000,762.8937103445099,15.96882578087772,8.771075138665056,23.16657642309039
8,COAHUILA,2000,388.01293570856035,20.35686365867224,12.150714454391409,28.563012862953066
9,COLIMA,2000,759.6854410589411,25.446573211728893,18.0285260005357,32.864620422922094
10,DURANGO,2000,319.1,17.33724857256206,8.10678299510319,26.56771415002093
11,ESTADO DE MÉXICO,2000,667.7993084556878,14.2301934149963,6.054692331740657,22.405694498251933
12,GUANAJUATO,2000,1080.521376119946,18.299118057911663,9.492022652810695,27.106213463012637
13,GUERRERO,2000,816.9499045044797,24.699747664835954,17.573913880733684,31.825581448938227
14,HIDALGO,2000,591.1142909311343,16.307174833484098,8.113330922037727,24.50101874493048
15,JALISCO,2000,632.273078171125,20.52615261565728,11.55085651886281,29.501448712451733
16,MICHOACÁN,2000,797.3772433555245,18.992266804585075,10.54232303148535,27.442210577684797
17,MORELOS,2000,941.1311782674793,21.537771728656804,13.344234031986838,29.73130942532677
18,NAYARIT,2000,1149.4130681818185,24.824525238104204,16.64126261580459,33.007787860403816
19,NUEVO LEÓN,2000,453.0607626409781,20.80316589743643,13.031389307706213,28.574942487166638
20,OAXACA,2000,1677.1210814800122,21.59435208012847,14.601395088568433,28.587309071688512
21,PUEBLA,2000,1983.1741035990854,17.403364467884632,9.51463012854842,25.29209880722085
22,QUERÉTARO,2000,372.6623770887314,18.08560025223966,9.958114182727334,26.21308632175199
23,QUINTANA ROO,2000,1446.4301953111951,25.185637719435157,18.953256721384086,31.418018717486248
24,SAN LUIS POTOSÍ,2000,645.6958071029525,21.303804972912992,13.403656142898974,29.203953802927003
25,SINALOA,2000,691.9000000000002,24.7470356709078,16.53804982801316,32.956021513802426
26,SONORA,2000,352.32619464658904,22.522135830065764,13.135014003818526,31.909257656313013
27,TABASCO,2000,2511.224769199033,26.04271167407043,20.86862986177564,31.216793486365237
28,TAMAULIPAS,2000,837.3732431047205,23.700500934871712,16.949122931797472,30.451878937945953
29,TLAXCALA,2000,627.4017630982801,14.408428085176014,5.358013173662962,23.45884299668907
30,VERACRUZ,2000,1948.2190274132647,23.042701825358662,17.196306485696876,28.889097165020466
31,YUCATÁN,2000,843.5207412548277,26.0160996202306,18.92732937338753,33.104869867073674
32,ZACATECAS,2000,492.74746085189463,17.338450655382704,8.011150744295003,26.665750566470408
1,AGUASCALIENTES,2001,399.2,17.656212748780266,8.878334140440439,26.434091357120096
2,BAJA CALIFORNIA,2001,229.00000000000003,18.686050862732483,10.855828920706351,26.51627280475861
3,BAJA CALIFORNIA SUR,2001,158.79999999999995,22.21532600526068,14.086806295394828,30.343845715126534
4,CAMPECHE,2001,1488.0,25.87008008811614,19.29063117757004,32.44952899866224
5,CHIAPAS,2001,2269.9,23.735959812402264,17.27541582604563,30.19650379875891
6,CHIHUAHUA,2001,322.9,16.869489672647315,8.500451433097727,25.238527912196908
7,CIUDAD DE MÉXICO,2001,823.6,15.708546657182467,8.378505974474592,23.03858733989034
8,COAHUILA,2001,305.1,20.42061136579764,12.507770862607204,28.33345186898807
9,COLIMA,2001,715.3,25.858245575904803,18.37067276555753,33.34581838625208
10,DURANGO,2001,251.0,17.395625509316794,8.488240095417643,26.303010923215947
11,ESTADO DE MÉXICO,2001,742.9,13.809512720951028,5.687976572190094,21.931048869711965
12,GUANAJUATO,2001,717.1999999999998,18.086142871240114,9.618962954917631,26.553322787562603
13,GUERRERO,2001,1028.4,25.266894664932078,18.192969293769693,32.34082003609447
14,HIDALGO,2001,651.2,16.890080135897957,9.162977458015943,24.61718281377998
15,JALISCO,2001,670.6999999999998,20.42726542999464,11.667037651484394,29.18749320850489
16,MICHOACÁN,2001,893.4000000000002,18.384935383670264,10.137039027566397,26.632831739774137
17,MORELOS,2001,1111.6,21.280481627288165,13.419314053355913,29.141649201220414
18,NAYARIT,2001,1025.4,24.704904334145755,16.429481097323826,32.980327570967695
19,NUEVO LEÓN,2001,590.1,20.129409267902513,12.59401972065583,27.664798815149197
20,OAXACA,2001,1737.6,21.361149069358465,14.607858666219125,28.114439472497807
21,PUEBLA,2001,1439.9999999999998,17.525112622951017,9.583181776618131,25.467043469283908
22,QUERÉTARO,2001,595.0,17.433051954019383,9.506314232137687,25.359789675901073
23,QUINTANA ROO,2001,1550.2,25.4142888911067,19.114569276213054,31.714008506000358
24,SAN LUIS POTOSÍ,2001,704.7,21.35957118118368,13.810001461529296,28.909140900838064
25,SINALOA,2001,528.6,24.74937776105983,16.650369377940294,32.848386144179365
26,SONORA,2001,343.0,22.29584650805178,13.072944636205186,31.518748379898373
27,TABASCO,2001,2451.4000000000005,26.05833333333333,20.808333333333334,31.308333333333334
28,TAMAULIPAS,2001,756.1,23.532361451145906,16.913108128453633,30.15161477383819
29,TLAXCALA,2001,679.3000000000002,14.08569819697891,5.740076084076258,22.431320309881567
30,VERACRUZ,2001,1980.7000000000005,23.20725910679235,17.74757700625136,28.66694120733334
31,YUCATÁN,2001,877.7,26.29426331309028,20.165729007291667,32.4227976188889
32,ZACATECAS,2001,490.8,17.09373964729592,8.317183007224289,25.870296287367548
1,AGUASCALIENTES,2002,613.4,18.258704094698558,9.83214014881602,26.68526804058109
2,BAJA CALIFORNIA,2002,85.3,18.827796733680387,10.685385599781464,26.970207867579315
3,BAJA CALIFORNIA SUR,2002,92.5,22.134331931866388,13.940338333427627,30.328325530305147
4,CAMPECHE,2002,1635.4,26.0977514349046,19.62804247529496,32.567460394514235
5,CHIAPAS,2002,2088.0,23.889388656114267,17.410175559855553,30.36860175237298
6,CHIHUAHUA,2002,353.6,19.94917113223981,11.436478295990256,28.461863968489386
7,CIUDAD DE MÉXICO,2002,768.2,15.916776413869732,8.570820165994894,23.26273266174457
8,COAHUILA,2002,425.30000000000007,21.15370305983096,12.838798041824946,29.46860807783696
9,COLIMA,2002,956.6,25.048057637518863,17.662131483865945,32.433983791171784
10,DURANGO,2002,379.3,17.60461329180788,8.640778184798735,26.568448398817026
11,ESTADO DE MÉXICO,2002,703.5,13.985779951298749,5.9864473201179615,21.985112582479537
12,GUANAJUATO,2002,810.5,18.287527402915554,9.889783707723401,26.685271098107705
13,GUERRERO,2002,1001.6,25.30818183680091,18.334031852990698,32.28233182061113
14,HIDALGO,2002,615.9000000000002,16.603115513381915,8.545187415623374,24.66104361114046
15,JALISCO,2002,792.2,20.595233973271824,12.103786962552734,29.086680983990913
16,MICHOACÁN,2002,941.2,18.74030412082837,10.64462456317373,26.835983678483014
17,MORELOS,2002,785.2,21.344687685146226,13.489821021686176,29.19955434860628
18,NAYARIT,2002,1044.0,25.103006417129173,16.514468277675,33.69154455658333
19,NUEVO LEÓN,2002,703.9,17.331754958177758,8.687462003558112,25.976047912797398
20,OAXACA,2002,1496.4,21.85669277895844,14.980196742758615,28.733188815158247
21,PUEBLA,2002,1280.7,18.187443197630962,10.12348557110287,26.25140082415905
22,QUERÉTARO,2002,541.1000000000001,17.57476157561381,9.598072033846117,25.551451117381507
23,QUINTANA ROO,2002,1537.6999999999996,26.058807505526065,19.612356636278374,32.50525837477375
24,SAN LUIS POTOSÍ,2002,793.2,21.17201582050817,13.466337856653519,28.877693784362826
25,SINALOA,2002,489.3,25.27232501485909,16.67174212419565,33.87290790552252
26,SONORA,2002,228.3,22.497941755609787,12.936103650776145,32.05977986044344
27,TABASCO,2002,2297.2,27.10602169583333,21.581309439166667,32.6307339525
28,TAMAULIPAS,2002,799.7,23.368810496013374,16.59541652185209,30.14220447017466
29,TLAXCALA,2002,624.8000000000002,14.382357479107304,5.729859880426212,23.034855077788396
30,VERACRUZ,2002,1495.6,23.35093215902967,17.565825232657563,29.136039085401787
31,YUCATÁN,2002,977.2000000000003,25.81861838423611,19.795020745416668,31.84221602305556
32,ZACATECAS,2002,581.6,17.14246415592531,8.45993882320375,25.824989488646874
1,AGUASCALIENTES,2003,567.1999999999998,17.668350520623925,8.727491169609626,26.609209871638228
2,BAJA CALIFORNIA,2003,331.8,17.963519366519392,9.879549569035305,26.047489164003487
3,BAJA CALIFORNIA SUR,2003,331.8,22.41628634041561,14.437951683426318,30.3946209974049
4,CAMPECHE,2003,491.7,25.982650611334858,19.243001938000976,32.72229928466876
5,CHIAPAS,2003,1935.6,24.05772711333569,17.470399711145408,30.64505451552597
6,CHIHUAHUA,2003,374.8,18.645801903571925,10.05045659380404,27.241147213339826
7,CIUDAD DE MÉXICO,2003,768.0,16.199193538384918,9.216058755530364,23.18232832123948
8,COAHUILA,2003,491.7,21.12421996015706,12.815944937302673,29.432494983011452
9,COLIMA,2003,877.1,26.17187467067064,19.18502303852222,33.158726302819055
10,DURANGO,2003,436.5,17.728264164228566,8.932908673526816,26.523619654930314
11,ESTADO DE MÉXICO,2003,707.9999999999999,14.715526639666226,6.637610415818938,22.793442863513523
12,GUANAJUATO,2003,921.4,18.318037319231774,9.876116828392394,26.759957810071157
13,GUERRERO,2003,1040.5,24.943774041015967,18.028119395679727,31.859428686352228
14,HIDALGO,2003,623.9999999999999,17.003972921947707,9.017359682491376,24.990586161404025
15,JALISCO,2003,735.9,20.578304373960645,12.061854557678295,29.094754190243002
16,MICHOACÁN,2003,872.3,17.883577437773727,9.832365984039074,25.934788891508376
17,MORELOS,2003,1099.6,21.58017637265976,13.716661286054261,29.443691459265256
18,NAYARIT,2003,1018.9,24.392394361953702,15.71826353751852,33.06652518638889
19,NUEVO LEÓN,2003,764.3000000000002,16.7689237998765,8.278879403044156,25.258968196708842
20,OAXACA,2003,1466.6,23.024986353593857,15.744332571103635,30.30564013608408
21,PUEBLA,2003,1595.9999999999998,17.553188999923822,11.513013870833605,23.593364129014038
22,QUERÉTARO,2003,803.3,18.51144551490825,10.856593915657854,26.166297114158652
23,QUINTANA ROO,2003,1552.6,25.55752200183336,19.31238722092128,31.802656782745434
24,SAN LUIS POTOSÍ,2003,875.9,21.442773369135466,13.74565491011242,29.139891828158497
25,SINALOA,2003,530.9,25.34733998331953,17.013527201902015,33.68115276473705
26,SONORA,2003,309.9000000000001,22.806354666889874,13.36493854412751,32.24777078965222
27,TABASCO,2003,2076.1,26.923494273333336,21.251373201666667,32.59561534500001
28,TAMAULIPAS,2003,873.8000000000002,23.566796666466555,16.903711890320945,30.22988144261217
29,TLAXCALA,2003,617.0,14.76429147111944,6.125535600947223,23.40304734129167
30,VERACRUZ,2003,1674.6,23.579512933370435,17.566958115708033,29.59206775103284
31,YUCATÁN,2003,851.5,26.41952450458333,19.892051393333336,32.94699761583334
32,ZACATECAS,2003,546.1999999999998,16.922101205135586,8.11435068891547,25.729851721355704
1,AGUASCALIENTES,2004,711.310202896307,16.807205273063992,8.078502863937407,25.535907682190572
2,BAJA CALIFORNIA,2004,357.5205228779203,19.50591115481584,11.954552347163483,27.0572699624682
3,BAJA CALIFORNIA SUR,2004,203.3649959151244,22.088823870003353,13.94735328076164,30.230294459245048
4,CAMPECHE,2004,1225.2381593190205,25.962196323427435,19.315571200252357,32.60882144660252
5,CHIAPAS,2004,1713.8349922991665,23.978712735851275,17.37992783839019,30.57749763331236
6,CHIHUAHUA,2004,745.3648397352092,18.39930416666667,10.151479916666666,26.64712841666667
7,CIUDAD DE MÉXICO,2004,728.621148405391,15.978631106488356,8.369129611878579,23.588132601098142
8,COAHUILA,2004,594.1652412824127,20.95281020886553,12.767646009473953,29.137974408257094
9,COLIMA,2004,978.007812830957,26.011761640313505,18.70063044063114,33.32289283999586
10,DURANGO,2004,644.7037498895111,17.56330174039159,9.002982385592803,26.123621095190387
11,ESTADO DE MÉXICO,2004,751.1118908047183,15.09291560437046,7.081014557261766,23.104816651479158
12,GUANAJUATO,2004,877.8875000999777,17.94825702519511,9.604198086619,26.292315963771234
13,GUERRERO,2004,1144.2051445702486,24.930827169111232,17.889703620012693,31.97195071820977
14,HIDALGO,2004,629.4400407022182,16.3181871316032,8.719374441226352,23.916999821980045
15,JALISCO,2004,1049.531308354224,20.522433857582488,12.280634090419886,28.76423362474509
16,MICHOACÁN,2004,916.7232845948264,17.376953874009974,9.539732472019416,25.21417527600053
17,MORELOS,2004,1207.5674735266732,20.43553221685233,12.623523463699375,28.24754097000529
18,NAYARIT,2004,1435.1069522056641,25.627772583333336,18.43471183333333,32.82083333333333
19,NUEVO LEÓN,2004,830.2132872629396,16.235899620907993,7.988067127696159,24.48373211411984
20,OAXACA,2004,1340.6835880632227,25.01822182094153,18.75961029947852,31.276833342404558
21,PUEBLA,2004,1302.3264329224507,17.95852750385573,11.683534023784548,24.233520983926912
22,QUERÉTARO,2004,698.5402778518712,18.937662517166668,11.337492824333337,26.53783221
23,QUINTANA ROO,2004,1087.2168474838834,25.7184923455963,19.54849516558152,31.888489525611092
24,SAN LUIS POTOSÍ,2004,810.7405241032429,20.97359333856501,13.688083457300081,28.259103219829942
25,SINALOA,2004,872.1382978249745,24.444753491185807,16.599963155452468,32.289543826919164
26,SONORA,2004,573.7260263690678,22.014785851142157,12.943379197970328,31.086192504313978
27,TABASCO,2004,1964.074717756954,26.82611836041666,21.108382286666668,32.54385443416666
28,TAMAULIPAS,2004,772.8787318880858,24.12014609029735,18.029450066079775,30.21084211451493
29,TLAXCALA,2004,706.413605904531,14.6223286676543,6.176184183026471,23.068473152282127
30,VERACRUZ,2004,1483.0073861813505,23.10419240172996,17.365322830063104,28.843061973396807
31,YUCATÁN,2004,1038.8594407662526,26.27951417833333,19.748795481666665,32.810232875000004
32,ZACATECAS,2004,688.82919441109,15.99218650681754,7.6238453043705725,24.360527709264517
1,AGUASCALIENTES,2005,509.3,17.31530027333524,8.15157435090191,26.479026195768572
2,BAJA CALIFORNIA,2005,184.6,19.688905924439357,12.582706167981028,26.795105680897695
3,BAJA CALIFORNIA SUR,2005,189.9,22.357381269942564,14.112335201071955,30.602427338813172
4,CAMPECHE,2005,1790.4,26.066985228990468,19.264061349840922,32.86990910814003
5,CHIAPAS,2005,2190.7000000000007,23.95592745074198,17.44940389649484,30.46245100498914
6,CHIHUAHUA,2005,462.5,18.472077330367203,9.829929566665593,27.11422509406882
7,CIUDAD DE MÉXICO,2005,645.3000000000002,16.12951578506212,8.510936570349513,23.748094999774732
8,COAHUILA,2005,471.09999999999985,21.40982250809337,12.85760028610833,29.96204473007841
9,COLIMA,2005,726.1000000000001,26.50712347162209,20.27797923834596,32.73626770489824
10,DURANGO,2005,373.8,18.578396842121386,9.614745055109756,27.54204862913301
11,ESTADO DE MÉXICO,2005,549.1,15.909581148068595,7.867643995204263,23.951518300932932
12,GUANAJUATO,2005,510.0,18.5353720496022,9.771641218777622,27.29910288042677
13,GUERRERO,2005,1108.1,25.36956714317603,18.03579874199291,32.70333554435914
14,HIDALGO,2005,694.9,18.33930864089123,11.272896132145087,25.405721149637362
15,JALISCO,2005,664.0,20.411855443131884,11.751361828336464,29.07234905792731
16,MICHOACÁN,2005,689.2,20.663969654746058,12.544333971186626,28.783605338305488
17,MORELOS,2005,714.1999999999998,20.501532565715607,13.014531980994711,27.98853315043651
18,NAYARIT,2005,1215.5,25.487235407077765,17.88776363249163,33.0867071816639
19,NUEVO LEÓN,2005,919.2,16.11387671906179,7.956997052843403,24.270756385280176
20,OAXACA,2005,1618.3,24.86154421172281,18.58422906899461,31.138859354451014
21,PUEBLA,2005,1253.9,18.435494546367785,12.17948868651421,24.691500406221355
22,QUERÉTARO,2005,435.0,19.460516588234764,12.117247480678769,26.803785695790754
23,QUINTANA ROO,2005,1456.5000000000002,25.965364499648803,19.60648403797529,32.324244961322314
24,SAN LUIS POTOSÍ,2005,808.4000000000002,21.108092737163464,13.449530417571289,28.76665505675565
25,SINALOA,2005,535.6,25.289800704004822,17.17862183921549,33.40097956879413
26,SONORA,2005,298.7,22.89198189987325,13.608038288160591,32.17592551158591
27,TABASCO,2005,2036.0,27.898672925658808,22.408947727526485,33.38839812379114
28,TAMAULIPAS,2005,738.8,24.954845936096465,18.942914740968508,30.966777131224433
29,TLAXCALA,2005,677.4,14.389915413834231,4.997975321960118,23.781855505708336
30,VERACRUZ,2005,1830.1,24.45776881730093,18.540515233342603,30.375022401259262
31,YUCATÁN,2005,1107.5,26.585736603258525,20.070103687289745,33.1013695192273
32,ZACATECAS,2005,414.50000000000006,16.418911538293244,7.666195146048909,25.171627930537586
1,AGUASCALIENTES,2006,655.0999999999998,18.031651378488746,8.971771556003908,27.091531200973574
2,BAJA CALIFORNIA,2006,110.5,19.88684806980269,12.680080205652835,27.09361593395253
3,BAJA CALIFORNIA SUR,2006,130.9,23.752771710752263,16.549014280494386,30.956529141010126
4,CAMPECHE,2006,1533.5,26.41314810334836,20.434007572312375,32.392288634384364
5,CHIAPAS,2006,2354.2000000000007,25.45493272530313,19.435815873256434,31.47404957734981
6,CHIHUAHUA,2006,607.0,18.434449391316488,9.767836186114982,27.101062596517984
7,CIUDAD DE MÉXICO,2006,882.4,17.2768983428905,10.684243889988362,23.869552795792643
8,COAHUILA,2006,320.7,22.052138994711147,14.576252117550288,29.52802587187201
9,COLIMA,2006,1102.8,26.55142416487893,20.35798406355475,32.74486426620312
10,DURANGO,2006,581.9000000000002,18.12023718661877,9.19461520384206,27.04585916939547
11,ESTADO DE MÉXICO,2006,719.1,15.178938925277329,7.426658034416735,22.931219816137926
12,GUANAJUATO,2006,779.9000000000002,19.619491989291575,11.501865626705243,27.737118351877907
13,GUERRERO,2006,1294.6999999999996,26.051473886026603,19.15568770827606,32.94726006377713
14,HIDALGO,2006,695.1,17.688769027699454,10.296349836186415,25.08118821921249
15,JALISCO,2006,891.4999999999999,21.17937528875465,13.25857066077956,29.100179916729733
16,MICHOACÁN,2006,890.0,20.737784832623515,12.661098256999862,28.81447140824717
17,MORELOS,2006,887.2,21.787571192862845,14.143580539258904,29.431561846466803
18,NAYARIT,2006,1002.0,26.085668914532768,18.08086042148668,34.090477407578845
19,NUEVO LEÓN,2006,614.3,22.330553663538733,14.771132925129027,29.88997440194843
20,OAXACA,2006,1270.2,25.327061885993075,19.118337216795442,31.53578655519071
21,PUEBLA,2006,1221.7999999999995,17.638105345122703,10.078459813928909,25.19775087631649
22,QUERÉTARO,2006,590.2,19.422799242191672,12.0417869820575,26.80381150232585
23,QUINTANA ROO,2006,1131.9,27.122661563853132,22.32399688972252,31.92132623798373
24,SAN LUIS POTOSÍ,2006,720.0,22.869721404161634,15.349267853309364,30.3901749550139
25,SINALOA,2006,731.8,25.623370091407512,17.36131272406523,33.885427458749795
26,SONORA,2006,358.9000000000001,22.500398144923945,13.803308486380743,31.197487803467144
27,TABASCO,2006,2676.2,27.13437938020185,22.073143930054194,32.195614830349506
28,TAMAULIPAS,2006,670.1999999999998,24.7069110736455,18.25549068957734,31.158331457713658
29,TLAXCALA,2006,876.0000000000001,14.74718854100857,6.032596602194007,23.461780479823126
30,VERACRUZ,2006,1654.1999999999996,23.47645836389181,17.981838305422638,28.971078422360968
31,YUCATÁN,2006,891.2,26.55110480170743,20.245758996632322,32.856450606782545
32,ZACATECAS,2006,455.4,17.406694872395633,8.813077351427102,26.000312393364162
1,AGUASCALIENTES,2007,582.2219570378401,17.723703150581056,8.760710640838035,26.908185322809
2,BAJA CALIFORNIA,2007,105.47563580077791,19.653937446459306,12.708886648261045,26.691932868888248
3,BAJA CALIFORNIA SUR,2007,310.0,22.930481552978968,15.933490474817527,29.988962052704412
4,CAMPECHE,2007,1307.0893793396062,26.68548427391785,20.65461768841606,32.76431455075029
5,CHIAPAS,2007,2302.6365281133885,25.399969332436427,19.169910234833182,31.6854904237328
6,CHIHUAHUA,2007,496.5139142785567,18.2966089292079,9.557002054658275,27.100077176278138
7,CIUDAD DE MÉXICO,2007,866.521787333734,17.315715594152525,10.879211121813572,23.857412342118298
8,COAHUILA,2007,522.3,21.123086319939926,14.1919337305049,28.12981940435285
9,COLIMA,2007,1029.0709685305549,26.482203267207566,19.790308106736767,33.22296936454039
10,DURANGO,2007,429.59271174675126,17.707064320315432,8.780108396744039,26.72110173577963
11,ESTADO DE MÉXICO,2007,876.3049337693316,14.531198527111346,6.729689052876448,22.384801943716397
12,GUANAJUATO,2007,798.7012511328043,19.1671985482772,11.06921333326221,27.33160557904695
13,GUERRERO,2007,1193.2262139754553,26.12850822356688,18.99057371177265,33.36226055216289
14,HIDALGO,2007,891.1789933979687,18.006530325644068,10.82882766761153,25.31161914170013
15,JALISCO,2007,836.4824935583605,21.21645338845098,13.678321502932524,28.826068156350235
16,MICHOACÁN,2007,823.9922800652828,20.267893943284072,12.218473849787806,28.44983511680421
17,MORELOS,2007,773.5823608768745,22.382376776119628,14.668791951407378,30.242117921506075
18,NAYARIT,2007,1054.972526590305,26.02326688725241,18.073114257775934,34.16656778488029
19,NUEVO LEÓN,2007,698.5497669230716,21.711117104397417,15.097582045989988,28.398259652213486
20,OAXACA,2007,1155.2271170477168,25.4583882886247,19.490182816426387,31.49411482252444
21,PUEBLA,2007,1410.1207062914966,17.88411550495973,10.378743313273118,25.4977745139503
22,QUERÉTARO,2007,639.2147418125045,18.858515043856425,11.577083098129235,26.177257666565048
23,QUINTANA ROO,2007,1093.269915482432,27.058340001767093,22.292168436949908,31.855939331088518
24,SAN LUIS POTOSÍ,2007,1222.6546069779656,22.565724405555674,15.63548356901136,29.5504475274735
25,SINALOA,2007,638.6417569863622,24.911421330880213,16.83988253360662,33.04507242822187
26,SONORA,2007,444.5137807513968,22.293190859227575,13.752333791739742,30.903050543859873
27,TABASCO,2007,2554.0908090400044,26.831840228592785,21.657841520208112,32.050674212482875
28,TAMAULIPAS,2007,1002.3778155136407,23.918158667907342,18.095955044821288,29.801612615542346
29,TLAXCALA,2007,677.2431944841255,14.794282666619447,6.026230228853637,23.78216921511537
30,VERACRUZ,2007,1502.5581236930816,23.26716000281314,17.964263543869695,28.633347559998388
31,YUCATÁN,2007,991.3559281130628,26.493142644638876,20.31830506906677,32.71416659171445
32,ZACATECAS,2007,440.1,16.926922250808474,8.134883769642277,25.782009292017413
1,AGUASCALIENTES,2008,656.9,17.437083370981213,8.323915235810416,26.742280029893532
2,BAJA CALIFORNIA,2008,261.2,19.52756827108812,12.33072834495727,26.731462863892368
3,BAJA CALIFORNIA SUR,2008,166.79458145738298,23.217533982914986,16.108419195251006,30.328413420854982
4,CAMPECHE,2008,1560.0000000000002,26.46383228466864,20.18292241339752,32.77316507906877
5,CHIAPAS,2008,2354.9,24.4647725689541,18.418712179570925,30.58166440745109
6,CHIHUAHUA,2008,550.1,17.977436831511206,9.242492693198043,26.74484721421685
7,CIUDAD DE MÉXICO,2008,740.9,17.080696134311236,10.577763599648694,23.650641692697636
8,COAHUILA,2008,459.0,21.532799717500566,13.771315117098494,29.305061316724863
9,COLIMA,2008,933.1,25.712758705789,19.101010034739577,32.376360186894765
10,DURANGO,2008,642.6,17.378725060733895,8.30409155488183,26.475562554244963
11,ESTADO DE MÉXICO,2008,679.5999999999998,14.615544681451595,6.952617155951338,22.30769844866445
12,GUANAJUATO,2008,732.8000000000002,20.829230631517234,12.977607820160715,28.714386477522183
13,GUERRERO,2008,1272.4,23.075010402922658,15.520471310790985,30.71732053040418
14,HIDALGO,2008,803.5,17.54941702075238,10.248349432879792,24.899711920735534
15,JALISCO,2008,868.8,20.693983011612683,12.421786116540954,28.99892151764575
16,MICHOACÁN,2008,824.7000000000003,19.429882551867614,10.773552950255107,28.127610189871536
17,MORELOS,2008,1022.7,21.629056259467635,13.967754408732624,29.42234961522145
18,NAYARIT,2008,1550.6,25.286257599233103,17.154305448850998,33.43260594330482
19,NUEVO LEÓN,2008,824.1000000000001,22.058839734638823,14.712365406343372,29.415184507569798
20,OAXACA,2008,1710.3000000000004,24.039263033510903,18.257381186072376,29.8264461886916
21,PUEBLA,2008,1395.9000000000005,17.35384719882894,10.138247124675134,24.63034501347849
22,QUERÉTARO,2008,641.6999999999998,18.301823592934717,10.695256833422851,25.95887830056611
23,QUINTANA ROO,2008,1209.9,26.831226965146666,22.05582177892921,31.608155250300523
24,SAN LUIS POTOSÍ,2008,1375.3,22.104225193131498,14.810456147893813,29.41449328891127
25,SINALOA,2008,737.9000000000002,24.588891628491467,16.899080756661178,32.65343999948263
26,SONORA,2008,457.8,22.256345286597167,13.692854801620882,30.832863625556033
27,TABASCO,2008,2617.300000000001,26.192991913760988,21.18644890832391,31.23397306201702
28,TAMAULIPAS,2008,1047.0000000000002,23.572391026460068,17.608357352792762,29.87939351717253
29,TLAXCALA,2008,679.8000000000002,14.63260377231235,5.911138682504606,23.436426666744968
30,VERACRUZ,2008,1573.9,22.91640367800668,17.60981286707622,28.240284714090592
31,YUCATÁN,2008,899.3,26.2564563391872,19.992983732313238,32.527299749166396
32,ZACATECAS,2008,580.4,16.61547918302082,7.71413063874543,25.54551246110409
1,AGUASCALIENTES,2009,414.9,18.217491133329663,8.912197049321044,27.52278521733828
2,BAJA CALIFORNIA,2009,115.4,19.630770924138574,12.432190205431082,26.829351642846078
3,BAJA CALIFORNIA SUR,2009,225.6,23.580611935782798,16.871869219291096,30.289354652274515
4,CAMPECHE,2009,1133.5,27.0850010563486,20.847125703235267,33.32287640946195
5,CHIAPAS,2009,1953.1,24.565959112004872,18.336901232327282,30.795016991682452
6,CHIHUAHUA,2009,468.9,18.219535264502145,9.661431759699502,26.77763876930479
7,CIUDAD DE MÉXICO,2009,713.1000000000001,17.740290348691296,11.062749269917193,24.4178314274654
8,COAHUILA,2009,330.7999999999999,22.008260122801556,14.421848080309276,29.594672165293847
9,COLIMA,2009,860.4,26.461969966715387,20.03241967499979,32.89152025843099
10,DURANGO,2009,519.4000000000002,17.990837375316,9.128118915863585,26.85355583476841
11,ESTADO DE MÉXICO,2009,725.7000000000003,14.644841330366194,7.094077443402097,22.1956052173303
12,GUANAJUATO,2009,623.1999999999998,19.414732482341325,11.19651592125083,27.632949043431807
13,GUERRERO,2009,991.1,25.49959353587323,18.64905199046145,32.350135081284996
14,HIDALGO,2009,790.3999999999999,18.085853852832912,10.84079784951834,25.330909856147485
15,JALISCO,2009,703.6999999999998,21.048247877298923,13.223309122591493,28.873186632006334
16,MICHOACÁN,2009,765.6,19.344774968813788,10.979115414851014,27.71043452277657
17,MORELOS,2009,1031.6,21.84961110895038,14.227590062355633,29.471632155545127
18,NAYARIT,2009,1281.1999999999996,25.810480446338357,18.26685291037774,33.35410798229897
19,NUEVO LEÓN,2009,483.1,22.486352907990106,15.108598820443193,29.864106995537014
20,OAXACA,2009,1267.7000000000005,24.44140536934595,18.209422300572765,30.67338843811912
21,PUEBLA,2009,1236.2999999999995,17.847100409078752,10.4271997801054,25.267001038052104
22,QUERÉTARO,2009,490.00000000000006,18.901156032160422,11.258875318443732,26.543436745877102
23,QUINTANA ROO,2009,1100.8,27.01889445949112,21.980347449770274,32.05744146921196
24,SAN LUIS POTOSÍ,2009,951.0,22.80338645755721,15.503514108720136,30.10325880639428
25,SINALOA,2009,662.6,25.4721092267497,17.606768207532692,33.33745024596673
26,SONORA,2009,444.9,22.483001297541332,13.785831121374276,31.18017147370839
27,TABASCO,2009,1730.5,26.81145391777302,21.47706545767575,32.14584237787029
28,TAMAULIPAS,2009,627.6,24.438018009540095,18.17068449869717,30.70535152038302
29,TLAXCALA,2009,667.3999999999999,14.7549363206868,6.012046507274941,23.497826134098673
30,VERACRUZ,2009,1470.3,23.143238996311606,17.735326122894186,28.551151869729036
31,YUCATÁN,2009,736.2999999999997,26.81164326282748,20.131921306635324,33.49136521901963
32,ZACATECAS,2009,487.60000000000014,17.29296687686679,8.279733421741968,26.30620033199162
1,AGUASCALIENTES,2010,493.1,17.297633928390187,8.307155805532563,26.288112051247808
2,BAJA CALIFORNIA,2010,297.4000000000001,19.70282711696836,12.870764636537736,26.534889597399
3,BAJA CALIFORNIA SUR,2010,109.3,22.791702258331753,15.692283954308294,29.891120562355198
4,CAMPECHE,2010,1425.1999999999996,26.16646592705739,20.162834145890425,32.170097708224354
5,CHIAPAS,2010,2730.3,24.30520626796631,18.2583447527287,30.35206778320391
6,CHIHUAHUA,2010,470.0,18.075150640304436,9.33022755332028,26.820073727288584
7,CIUDAD DE MÉXICO,2010,697.9000000000002,17.051351064729445,10.508673666028496,23.594028463430394
8,COAHUILA,2010,592.0,20.650808502203915,13.013964907644407,28.287652096763424
9,COLIMA,2010,1200.7999999999995,25.17948666773643,18.799122294523173,31.55985104094969
10,DURANGO,2010,559.3000000000002,16.983628278317312,7.939499656143884,26.027756900490733
11,ESTADO DE MÉXICO,2010,809.6999999999997,14.038274316553451,6.473272161624043,21.603276471482854
12,GUANAJUATO,2010,797.6999999999998,18.708493568791624,10.617003551295891,26.799983586287365
13,GUERRERO,2010,1521.0,24.49725499013305,17.825498966055353,31.169011014210763
14,HIDALGO,2010,938.7,17.155796428969442,9.608707580812961,24.70288527712593
15,JALISCO,2010,940.3,20.357303181379233,12.358065468899277,28.356540893859197
16,MICHOACÁN,2010,1086.3,18.305596004582213,9.94548213062158,26.665709878542838
17,MORELOS,2010,1206.9,21.5655441045132,13.770911634094233,29.36017657493217
18,NAYARIT,2010,1649.8,25.029366492769594,17.54922441442152,32.509508571117664
19,NUEVO LEÓN,2010,1231.2,21.417115304490032,14.371537807635445,28.46269280134461
20,OAXACA,2010,1940.1,23.60555921900628,17.42933303974741,29.781785398265143
21,PUEBLA,2010,1365.1,17.156865376191508,9.98874157861483,24.324989173768177
22,QUERÉTARO,2010,717.0999999999998,18.22142721609671,10.593955000435024,25.848899431758397
23,QUINTANA ROO,2010,1503.8000000000004,26.331427154051585,21.05988857476789,31.602965733335285
24,SAN LUIS POTOSÍ,2010,1360.0,21.99583991639066,14.911104387069207,29.080575445712107
25,SINALOA,2010,596.4,24.439429795252014,16.423406497059386,32.455453093444625
26,SONORA,2010,453.0,21.840943488725056,13.0800500127952,30.60183696465492
27,TABASCO,2010,2561.9,26.055176410100888,21.25041373575748,30.85993908444431
28,TAMAULIPAS,2010,1011.2,23.241805323658056,16.95348482086926,29.530125826446852
29,TLAXCALA,2010,829.0999999999998,14.16989767472109,5.674591379093555,22.66520397034863
30,VERACRUZ,2010,1791.1,22.28679713088044,17.1214112071785,27.45218305458237
31,YUCATÁN,2010,1071.6,25.50456034305571,19.247176501617986,31.761944184493434
32,ZACATECAS,2010,509.0,16.408258770230542,7.3785882108348275,25.43792932962625
1,AGUASCALIENTES,2011,257.8,18.232761081983405,8.646860432427843,27.809877050911933
2,BAJA CALIFORNIA,2011,206.79999999999995,18.85228171011737,11.956484332015204,25.74526589092695
3,BAJA CALIFORNIA SUR,2011,69.4,22.72497992761022,15.621821449393124,29.8081557488127
4,CAMPECHE,2011,1180.9,26.866775792494263,21.058519208242345,32.630926048869696
5,CHIAPAS,2011,2381.600000000001,24.261304709371014,18.300496613970093,30.197736017556657
6,CHIHUAHUA,2011,260.5,18.869342555273867,9.574294910667945,28.16851453890989
7,CIUDAD DE MÉXICO,2011,782.5999999999998,17.416282969210155,10.592950079965071,24.22995381848348
8,COAHUILA,2011,176.0,22.538645748114646,14.427677474456813,30.63300319710418
9,COLIMA,2011,1366.1,25.583837502355433,19.535654482553717,31.58858046063426
10,DURANGO,2011,245.6,18.48633347411263,8.751608283507712,28.22098509154784
11,ESTADO DE MÉXICO,2011,657.6,14.304225145317204,6.6449687441672936,21.963528225258603
12,GUANAJUATO,2011,378.7,18.959186438724945,10.317114280613149,27.602663400324758
13,GUERRERO,2011,1194.4,25.078663488323347,18.65825971639566,31.46185748675399
14,HIDALGO,2011,705.1,17.660167459891483,9.824660145926352,25.48313523439435
15,JALISCO,2011,602.3000000000002,20.827798148447503,12.351845536198482,29.27780752686713
16,MICHOACÁN,2011,689.8000000000002,19.809435961568024,11.403827963437585,28.1936011048653
17,MORELOS,2011,967.6,21.453605183859352,13.484973177660414,29.405110274513888
18,NAYARIT,2011,1129.2,24.930520796245762,17.288203650171507,32.53937099445854
19,NUEVO LEÓN,2011,370.8,22.79372298761109,15.186048029838865,30.382595222037224
20,OAXACA,2011,1388.5999999999995,24.373397860216627,17.865874915950478,30.845963440411282
21,PUEBLA,2011,1280.0,17.69484915899673,10.146358538163293,25.22239767510261
22,QUERÉTARO,2011,372.3,18.571785660576285,10.674222410057617,26.456286216059823
23,QUINTANA ROO,2011,1476.3,26.814614187532612,21.809464063359822,31.76931822053507
24,SAN LUIS POTOSÍ,2011,922.3,23.171172823651172,15.658085998949735,30.66619486300598
25,SINALOA,2011,595.3,24.55634837101177,16.336797094256326,32.758661874872715
26,SONORA,2011,360.1,21.995840999092763,13.051841078512124,30.93187592571916
27,TABASCO,2011,2496.5,25.743685109728432,20.722551456132134,30.734831519087976
28,TAMAULIPAS,2011,603.3,24.392952097698203,17.941799709908217,30.817794258322593
29,TLAXCALA,2011,723.3,14.849337285274904,5.974343655844606,23.712133650926837
30,VERACRUZ,2011,1553.5,23.23409487606787,17.633169590833443,28.807142322397947
31,YUCATÁN,2011,972.8,26.10204903669787,19.75580648130295,32.40920737811039
32,ZACATECAS,2011,314.5,17.538401681911587,8.028906086696056,27.04365314944836
1,AGUASCALIENTES,2012,447.69,17.804166666666664,9.1,26.616666666666664
2,BAJA CALIFORNIA,2012,150.33999999999997,19.891666666666666,12.825,26.950000000000006
3,BAJA CALIFORNIA SUR,2012,305.88,23.09583333333333,16.483333333333334,29.866666666666664
4,CAMPECHE,2012,1141.15,26.57083333333333,20.825000000000006,32.36666666666667
5,CHIAPAS,2012,1885.32,24.3625,18.525,30.21666666666667
6,CHIHUAHUA,2012,471.4500000000001,19.295833333333334,10.783333333333333,27.83333333333333
7,CIUDAD DE MÉXICO,2012,568.93,16.971666666666668,10.616666666666667,23.383333333333336
8,COAHUILA,2012,323.59,22.44583333333333,15.283333333333333,29.99166666666667
9,COLIMA,2012,990.57,25.66666666666667,19.733333333333327,31.60833333333333
10,DURANGO,2012,406.26,18.304166666666664,9.166666666666666,27.450000000000006
11,ESTADO DE MÉXICO,2012,628.4599999999998,14.638333333333335,7.418333333333332,21.85833333333333
12,GUANAJUATO,2012,573.25,19.025,10.708333333333334,27.20833333333333
13,GUERRERO,2012,961.53,25.225000000000005,18.741666666666664,31.18333333333333
14,HIDALGO,2012,652.35,17.670833333333334,10.374999999999998,24.95833333333333
15,JALISCO,2012,669.1400000000001,20.370833333333334,12.708333333333336,28.05833333333333
16,MICHOACÁN,2012,754.77,19.741666666666664,11.808333333333335,27.700000000000006
17,MORELOS,2012,840.42,21.45,13.691666666666668,29.10833333333333
18,NAYARIT,2012,1060.11,25.22083333333333,18.291666666666664,32.45
19,NUEVO LEÓN,2012,562.4000000000002,22.741666666666664,15.708333333333336,29.766666666666666
20,OAXACA,2012,1360.04,24.67916666666667,18.408333333333328,30.95
21,PUEBLA,2012,1390.5000000000002,17.766666666666666,10.525,25.03333333333333
22,QUERÉTARO,2012,589.88,19.0125,11.458333333333336,26.600000000000005
23,QUINTANA ROO,2012,1338.0800000000004,26.750000000000004,21.850000000000005,31.71666666666667
24,SAN LUIS POTOSÍ,2012,974.4500000000003,22.954166666666666,16.275000000000002,29.65
25,SINALOA,2012,697.197,25.0875,17.3,32.86666666666667
26,SONORA,2012,382.1,22.441666666666666,13.633333333333335,31.20833333333333
27,TABASCO,2012,2069.74,26.03333333333333,20.825,30.96666666666667
28,TAMAULIPAS,2012,727.2900000000002,24.63333333333333,18.783333333333328,30.491666666666664
29,TLAXCALA,2012,849.1400000000003,14.7,6.416666666666668,23.075
30,VERACRUZ,2012,1695.9200000000005,22.90833333333333,17.766666666666666,28.08333333333333
31,YUCATÁN,2012,948.15,25.954166666666666,19.908333333333328,32.016666666666666
32,ZACATECAS,2012,430.77999999999986,17.287499999999998,8.483333333333333,26.649999999999995
1,AGUASCALIENTES,2013,756.44,18.152378413167977,9.690345343752185,26.60607814925044
2,BAJA CALIFORNIA,2013,193.76,20.674386624225107,13.61938641090755,27.72105350420935
3,BAJA CALIFORNIA SUR,2013,228.96000000000004,23.400819414568254,16.75144473307978,30.03352742939006
4,CAMPECHE,2013,1698.52,27.685209502850586,22.11022787632265,33.285191129378525
5,CHIAPAS,2013,2278.86,24.949575470816843,19.191662548793346,30.74915505950701
6,CHIHUAHUA,2013,618.15,18.311131952353247,10.02965977703638,26.59260412767011
7,CIUDAD DE MÉXICO,2013,697.9899999999999,18.059681644122925,11.554494473918547,24.55653548099397
8,COAHUILA,2013,443.66,21.859108690401243,14.638359153377076,28.288191560758747
9,COLIMA,2013,1877.11,26.363393103623125,20.410175624505055,32.29161058274119
10,DURANGO,2013,513.8100000000002,18.332202760833002,9.644000137622823,27.020405384043183
11,ESTADO DE MÉXICO,2013,843.0300000000002,15.612767348921855,8.256722315015308,22.960479049495074
12,GUANAJUATO,2013,762.16,19.29129672263449,11.259707643300972,27.322885801968013
13,GUERRERO,2013,1270.4500000000005,25.24681042757873,18.99342361435247,31.683530574138327
14,HIDALGO,2013,796.8,18.190665327884396,10.764945146085589,25.641385509683214
15,JALISCO,2013,1062.75,20.800491229796812,13.506404043158641,28.152911749768325
16,MICHOACÁN,2013,1076.1999999999996,19.962493509074125,12.378646057524286,27.5296742939573
17,MORELOS,2013,1514.83,22.18678867565434,14.558902129699053,29.8313418882763
18,NAYARIT,2013,1209.46,25.577166583811003,18.843774400352725,32.35222543393592
19,NUEVO LEÓN,2013,756.6,21.9798044269117,15.058355465840414,28.884586721316317
20,OAXACA,2013,1237.64,25.19260117958574,18.86292907531797,31.555606617186843
21,PUEBLA,2013,1390.15,18.35292665482351,11.030524661670531,25.69199531464315
22,QUERÉTARO,2013,780.3399999999998,19.42635561558443,11.77662494725953,27.101086283909332
23,QUINTANA ROO,2013,1898.46,26.97983574440309,22.222589814866996,31.77874834060585
24,SAN LUIS POTOSÍ,2013,875.5099999999999,23.099415192718464,16.51502043455277,29.658809950884148
25,SINALOA,2013,846.6800000000002,25.030048404638404,17.133114950252125,32.94364852569136
26,SONORA,2013,446.73,22.42895101145187,13.679539946148358,31.16169541008871
27,TABASCO,2013,2811.99,26.941205635488647,21.930146856543786,31.92726441443353
28,TAMAULIPAS,2013,1090.63,24.25770297577303,18.39540522741725,30.09500072412881
29,TLAXCALA,2013,823.8299999999998,15.55955012806638,7.728088867243867,23.44101138888889
30,VERACRUZ,2013,1861.45,23.457005769015087,18.20393497484465,28.70174322985218
31,YUCATÁN,2013,1418.8199999999995,26.792366338076512,21.00288631270903,32.61517969677732
32,ZACATECAS,2013,630.71,17.441738037502674,9.04614620953857,25.81232986546679
1,AGUASCALIENTES,2014,534.66,17.925,9.525,26.316666666666666
2,BAJA CALIFORNIA,2014,85.06,22.29166666666666,15.683333333333332,28.9
3,BAJA CALIFORNIA SUR,2014,334.72,24.68333333333333,17.908333333333335,31.475000000000005
4,CAMPECHE,2014,1390.12,27.40833333333333,21.5,33.275
5,CHIAPAS,2014,2056.09,24.55833333333333,18.950000000000006,30.36666666666667
6,CHIHUAHUA,2014,490.03,18.558333333333334,10.075,27.03333333333333
7,CIUDAD DE MÉXICO,2014,615.57,17.683333333333334,11.533333333333333,23.84166666666667
8,COAHUILA,2014,423.84,21.55,14.208333333333336,28.875
9,COLIMA,2014,1920.35,26.88333333333333,20.808333333333334,32.93333333333333
10,DURANGO,2014,496.61000000000007,18.458333333333336,9.583333333333334,27.30833333333333
11,ESTADO DE MÉXICO,2014,884.7,14.6,7.2666666666666675,21.991666666666664
12,GUANAJUATO,2014,678.9800000000001,18.983333333333334,10.925,27.04166666666666
13,GUERRERO,2014,1223.91,25.28333333333333,19.075,31.48333333333333
14,HIDALGO,2014,754.7700000000002,18.08333333333333,10.658333333333333,25.524999999999995
15,JALISCO,2014,981.5,20.816666666666666,13.325,28.316666666666666
16,MICHOACÁN,2014,885.09,19.925,12.7,27.15833333333333
17,MORELOS,2014,1777.7899999999993,22.241666666666664,14.941666666666665,29.54166666666666
18,NAYARIT,2014,1293.08,26.183333333333334,19.691666666666666,32.65
19,NUEVO LEÓN,2014,683.35,21.691666666666666,14.658333333333333,28.716666666666665
20,OAXACA,2014,1185.52,24.516666666666666,18.275,30.741666666666664
21,PUEBLA,2014,1303.4299999999996,18.3,10.883333333333333,25.725
22,QUERÉTARO,2014,773.1100000000001,18.9,11.566666666666668,26.25833333333333
23,QUINTANA ROO,2014,1358.2900000000004,27.316666666666666,22.86666666666667,32.166666666666664
24,SAN LUIS POTOSÍ,2014,808.2700000000002,22.65,16.025,29.25833333333333
25,SINALOA,2014,876.0500000000003,25.875,18.091666666666672,33.65
26,SONORA,2014,480.5100000000001,23.600000000000005,14.966666666666667,32.25833333333333
27,TABASCO,2014,2394.4300000000007,26.691666666666666,21.925,31.450000000000006
28,TAMAULIPAS,2014,955.03,23.79166666666667,17.875,29.724999999999994
29,TLAXCALA,2014,884.9499999999998,15.625000000000002,7.558333333333333,23.675
30,VERACRUZ,2014,1537.3400000000006,22.41666666666667,17.533333333333335,28.316666666666666
31,YUCATÁN,2014,1148.13,26.58333333333334,20.508333333333333,32.625
32,ZACATECAS,2014,534.36,17.39166666666667,8.866666666666667,25.91666666666667
1,AGUASCALIENTES,2015,836.7299999999998,17.7,10.0,25.4
2,BAJA CALIFORNIA,2015,262.86,20.9,14.3,27.5
3,BAJA CALIFORNIA SUR,2015,361.65,24.4,18.1,30.7
4,CAMPECHE,2015,1326.0799999999995,27.9,21.9,33.9
5,CHIAPAS,2015,1741.0500000000004,24.9,19.2,30.7
6,CHIHUAHUA,2015,630.5,18.6,10.5,26.6
7,CIUDAD DE MÉXICO,2015,491.76000000000016,17.8,11.7,23.9
8,COAHUILA,2015,525.0300000000002,20.8,13.7,27.8
9,COLIMA,2015,1956.7100000000007,26.7,20.8,32.6
10,DURANGO,2015,627.1300000000001,17.9,9.6,26.2
11,ESTADO DE MÉXICO,2015,858.48,14.8,7.8,21.9
12,GUANAJUATO,2015,840.8399999999998,19.1,11.3,27.0
13,GUERRERO,2015,1003.27,26.2,19.9,32.4
14,HIDALGO,2015,681.3699999999999,18.1,11.0,25.3
15,JALISCO,2015,1145.84,21.3,13.9,28.8
16,MICHOACÁN,2015,996.64,21.2,14.1,28.4
17,MORELOS,2015,1327.04,22.6,15.4,29.7
18,NAYARIT,2015,1442.95,26.6,20.3,32.9
19,NUEVO LEÓN,2015,682.11,22.1,15.6,28.6
20,OAXACA,2015,1002.4,25.0,18.8,31.2
21,PUEBLA,2015,1185.06,18.3,10.9,25.8
22,QUERÉTARO,2015,756.6099999999999,19.8,12.8,26.8
23,QUINTANA ROO,2015,1495.54,27.7,22.7,32.6
24,SAN LUIS POTOSÍ,2015,794.07,22.1,15.4,28.9
25,SINALOA,2015,1048.5600000000004,25.8,18.7,32.8
26,SONORA,2015,643.48,23.2,15.3,31.1
27,TABASCO,2015,2426.29,27.3,22.5,32.1
28,TAMAULIPAS,2015,891.6899999999998,24.3,18.5,30.0
29,TLAXCALA,2015,800.05,15.6,7.7,23.4
30,VERACRUZ,2015,1488.91,23.0,17.7,28.4
31,YUCATÁN,2015,978.4,27.4,21.3,33.6
32,ZACATECAS,2015,741.5699999999998,17.4,9.5,25.2
1,AGUASCALIENTES,2016,574.89,18.475,10.1,26.675
2,BAJA CALIFORNIA,2016,218.97,21.633333333333336,14.6,28.641666666666666
3,BAJA CALIFORNIA SUR,2016,200.02,24.316666666666666,17.683333333333334,30.975
4,CAMPECHE,2016,1176.97,28.05,22.25,33.875
5,CHIAPAS,2016,1614.24,25.516666666666666,19.441666666666666,31.6
6,CHIHUAHUA,2016,512.4799999999998,19.141666666666666,10.6,27.66666666666667
7,CIUDAD DE MÉXICO,2016,655.8499999999998,17.858333333333334,11.6,24.100000000000005
8,COAHUILA,2016,554.8399999999998,22.125,15.08333333333333,29.200000000000006
9,COLIMA,2016,1333.19,27.29166666666667,20.85,33.708333333333336
10,DURANGO,2016,509.76999999999987,18.683333333333326,9.725,27.61666666666667
11,ESTADO DE MÉXICO,2016,914.97,14.791666666666664,7.2333333333333325,22.36666666666667
12,GUANAJUATO,2016,691.29,19.166666666666668,10.933333333333332,27.375
13,GUERRERO,2016,985.53,25.775,19.008333333333336,32.53333333333333
14,HIDALGO,2016,694.2600000000001,18.733333333333327,11.324999999999998,26.13333333333333
15,JALISCO,2016,926.2400000000004,21.491666666666664,13.325,29.641666666666666
16,MICHOACÁN,2016,721.98,20.8,12.733333333333333,28.866666666666664
17,MORELOS,2016,1781.63,22.225,14.983333333333334,29.48333333333333
18,NAYARIT,2016,1224.35,26.100000000000005,19.375000000000004,32.83333333333333
19,NUEVO LEÓN,2016,612.2099999999998,22.95833333333333,15.808333333333332,30.13333333333333
20,OAXACA,2016,993.22,24.875000000000004,18.583333333333336,31.16666666666667
21,PUEBLA,2016,1195.8300000000004,18.33333333333333,11.008333333333333,25.66666666666667
22,QUERÉTARO,2016,749.83,19.941666666666666,12.8,27.075
23,QUINTANA ROO,2016,1109.3100000000004,27.391666666666666,22.200000000000006,32.575
24,SAN LUIS POTOSÍ,2016,685.0800000000003,22.875,15.891666666666667,29.816666666666666
25,SINALOA,2016,730.4099999999999,26.08333333333333,18.20833333333333,33.93333333333333
26,SONORA,2016,424.37,23.075000000000006,14.175,31.974999999999994
27,TABASCO,2016,1749.6799999999996,27.21666666666667,22.450000000000006,31.925
28,TAMAULIPAS,2016,746.7299999999998,25.058333333333334,19.033333333333328,31.05833333333333
29,TLAXCALA,2016,750.85,15.774999999999995,8.025,23.516666666666666
30,VERACRUZ,2016,1533.8199999999995,23.524999999999995,18.1,29.775
31,YUCATÁN,2016,885.1800000000002,27.175,21.041666666666668,33.3
32,ZACATECAS,2016,510.16,17.400000000000002,8.908333333333333,25.90833333333333
1,AGUASCALIENTES,2017,579.41,18.308333333333334,9.491666666666667,27.13333333333333
2,BAJA CALIFORNIA,2017,131.73000000000002,22.05833333333333,15.308333333333332,28.816666666666666
3,BAJA CALIFORNIA SUR,2017,174.73999999999995,24.51666666666667,17.86666666666667,31.133333333333336
4,CAMPECHE,2017,1407.3,27.70833333333333,21.8,33.64166666666667
5,CHIAPAS,2017,1993.98,25.25,19.20833333333333,31.33333333333333
6,CHIHUAHUA,2017,453.82000000000005,19.4,10.6,28.225
7,CIUDAD DE MÉXICO,2017,487.99,17.983333333333327,11.375,24.6
8,COAHUILA,2017,358.54,22.50833333333333,15.133333333333333,29.85
9,COLIMA,2017,1728.8200000000004,26.875,20.608333333333327,33.175000000000004
10,DURANGO,2017,454.63,19.041666666666668,9.966666666666663,28.116666666666664
11,ESTADO DE MÉXICO,2017,865.3599999999999,14.733333333333333,6.616666666666667,22.866666666666664
12,GUANAJUATO,2017,611.5099999999999,19.275,10.683333333333332,27.9
13,GUERRERO,2017,1161.11,25.225,18.216666666666672,32.19166666666666
14,HIDALGO,2017,653.2399999999999,18.9,10.95,26.90833333333333
15,JALISCO,2017,946.12,21.51666666666667,12.91666666666667,30.10833333333333
16,MICHOACÁN,2017,792.7499999999999,20.85,12.133333333333333,29.54166666666667
17,MORELOS,2017,1949.51,22.175,14.666666666666664,29.70833333333333
18,NAYARIT,2017,1228.27,26.000000000000004,18.841666666666672,33.13333333333333
19,NUEVO LEÓN,2017,569.98,23.008333333333336,15.58333333333333,30.43333333333333
20,OAXACA,2017,1440.8299999999995,24.38333333333333,17.991666666666667,30.766666666666666
21,PUEBLA,2017,1402.29,18.233333333333334,10.65,25.825
22,QUERÉTARO,2017,592.6899999999998,19.891666666666666,12.258333333333335,27.49166666666667
23,QUINTANA ROO,2017,1406.8,27.70833333333333,22.525,32.89166666666667
24,SAN LUIS POTOSÍ,2017,617.65,23.675,16.583333333333332,30.774999999999995
25,SINALOA,2017,698.78,26.225000000000005,18.15833333333333,34.291666666666664
26,SONORA,2017,450.60000000000014,23.43333333333333,14.658333333333333,32.23333333333333
27,TABASCO,2017,2013.81,27.175,22.18333333333333,32.175
28,TAMAULIPAS,2017,666.6900000000003,25.35833333333333,19.191666666666666,31.55
29,TLAXCALA,2017,690.2500000000001,15.441666666666668,7.116666666666667,23.766666666666666
30,VERACRUZ,2017,1730.96,23.258333333333336,17.566666666666666,28.941666666666666
31,YUCATÁN,2017,1120.52,26.83333333333333,20.658333333333328,33.0
32,ZACATECAS,2017,467.20999999999987,17.891666666666666,8.991666666666664,26.78333333333333
1,AGUASCALIENTES,2018,768.6600000000002,18.191666666666666,9.916666666666666,26.46666666666667
2,BAJA CALIFORNIA,2018,125.31,20.95833333333333,13.800000000000002,28.125
3,BAJA CALIFORNIA SUR,2018,163.17999999999995,24.25,17.816666666666666,30.64166666666667
4,CAMPECHE,2018,1389.7900000000004,27.141666666666666,21.225,33.06666666666666
5,CHIAPAS,2018,1705.27,25.141666666666666,18.991666666666667,31.299999999999994
6,CHIHUAHUA,2018,490.75,19.191666666666666,10.658333333333333,27.70833333333334
7,CIUDAD DE MÉXICO,2018,786.1799999999997,17.799999999999994,11.325,24.29166666666667
8,COAHUILA,2018,396.77,21.825,15.000000000000002,28.65
9,COLIMA,2018,1611.6799999999996,27.191666666666666,20.741666666666667,33.625
10,DURANGO,2018,520.53,18.95833333333333,9.95,27.950000000000006
11,ESTADO DE MÉXICO,2018,1098.6999999999996,14.958333333333336,7.000000000000001,22.95
12,GUANAJUATO,2018,850.2900000000002,19.08333333333333,10.933333333333332,27.20833333333333
13,GUERRERO,2018,1159.04,25.191666666666666,18.258333333333333,32.10833333333333
14,HIDALGO,2018,574.57,18.666666666666668,11.191666666666665,26.149999999999995
15,JALISCO,2018,1075.93,21.15833333333333,13.016666666666666,29.275
16,MICHOACÁN,2018,1114.0999999999997,20.841666666666672,12.608333333333334,29.09166666666667
17,MORELOS,2018,1963.72,22.133333333333336,14.674999999999995,29.58333333333333
18,NAYARIT,2018,1356.38,26.191666666666666,18.85,33.46666666666666
19,NUEVO LEÓN,2018,585.19,22.0,14.983333333333327,29.016666666666666
20,OAXACA,2018,1217.1399999999996,23.90833333333333,17.433333333333334,30.391666666666666
21,PUEBLA,2018,1247.65,18.15833333333333,10.733333333333334,25.59166666666667
22,QUERÉTARO,2018,554.1399999999999,20.016666666666666,12.75,27.28333333333333
23,QUINTANA ROO,2018,1306.09,27.54166666666666,22.55,32.541666666666664
24,SAN LUIS POTOSÍ,2018,635.3599999999999,23.516666666666666,16.941666666666666,30.10833333333333
25,SINALOA,2018,1001.31,25.83333333333333,18.033333333333328,33.88333333333333
26,SONORA,2018,565.8900000000001,22.941666666666674,14.441666666666665,31.43333333333333
27,TABASCO,2018,1965.5,27.241666666666664,22.13333333333333,32.325
28,TAMAULIPAS,2018,677.9999999999999,24.474999999999994,18.541666666666668,30.41666666666667
29,TLAXCALA,2018,661.9499999999998,15.566666666666665,7.325,23.741666666666664
30,VERACRUZ,2018,1516.1099999999994,22.78333333333333,17.283333333333328,28.225000000000005
31,YUCATÁN,2018,998.69,26.6,20.4,32.80833333333333
32,ZACATECAS,2018,614.45,17.700000000000006,9.383333333333333,25.98333333333333
1,AGUASCALIENTES,2019,453.1,18.8,10.3,27.4
2,BAJA CALIFORNIA,2019,206.1,19.9,13.3,26.4
3,BAJA CALIFORNIA SUR,2019,270.6,23.7,17.4,29.9
4,CAMPECHE,2019,1303.2,27.7,21.7,33.7
5,CHIAPAS,2019,1767.4,25.6,19.3,31.9
6,CHIHUAHUA,2019,470.3,18.9,10.3,27.6
7,CIUDAD DE MÉXICO,2019,565.3,18.8,12.1,25.4
8,COAHUILA,2019,261.5,22.4,15.2,29.5
9,COLIMA,2019,1816.7,27.4,21.0,33.8
10,DURANGO,2019,428.8,18.9,9.7,28.2
11,ESTADO DE MÉXICO,2019,837.6,15.6,7.5,23.8
12,GUANAJUATO,2019,553.7,19.8,11.3,28.3
13,GUERRERO,2019,1102.1,25.5,18.6,32.4
14,HIDALGO,2019,438.8,19.8,12.2,27.4
15,JALISCO,2019,926.4,21.8,13.4,30.2
16,MICHOACÁN,2019,829.7,21.2,12.5,29.8
17,MORELOS,2019,1691.3,22.4,14.8,30.1
18,NAYARIT,2019,1225.3,26.5,19.2,33.8
19,NUEVO LEÓN,2019,499.2,22.6,15.3,29.9
20,OAXACA,2019,1089.4,24.2,17.2,31.1
21,PUEBLA,2019,1040.8,19.0,11.2,26.8
22,QUERÉTARO,2019,411.3,20.9,13.1,28.6
23,QUINTANA ROO,2019,1036.1,28.1,22.9,33.3
24,SAN LUIS POTOSÍ,2019,480.8,24.5,17.5,31.5
25,SINALOA,2019,928.2,25.8,18.0,33.5
26,SONORA,2019,648.7,22.4,14.1,30.7
27,TABASCO,2019,1916.0,27.6,22.4,32.7
28,TAMAULIPAS,2019,579.1,25.1,18.9,31.2
29,TLAXCALA,2019,564.2,15.8,7.4,24.3
30,VERACRUZ,2019,1107.6,23.3,17.5,29.1
31,YUCATÁN,2019,1034.2,27.3,20.8,33.8
32,ZACATECAS,2019,415.3,18.3,9.7,27.0
